<?xml version="1.0" encoding="UTF-8"?>
<!DOCTYPE fontscolors PUBLIC "-//NetBeans//DTD Editor Fonts and Colors settings 1.1//EN" "http://www.netbeans.org/dtds/EditorFontsColors-1_1.dtd">
<fontscolors>
    <fontcolor default="default" foreColor="ffdcdccc" name="sgml-declaration"/>
    <fontcolor default="identifier" name="argument"/>
    <fontcolor default="default" name="text"/>
    <fontcolor name="mod-method">
        <font style="bold"/>
    </fontcolor>
    <fontcolor default="error" foreColor="white" name="error"/>
    <fontcolor default="default" name="css-embedded"/>
    <fontcolor default="default" foreColor="ffe3ce9b" name="tag">
        <font style="bold"/>
    </fontcolor>
    <fontcolor default="comment" foreColor="gray" name="sgml-comment"/>
    <fontcolor default="whitespace" name="ws"/>
    <fontcolor default="operator" foreColor="white" name="operator"/>
    <fontcolor default="char" foreColor="orange" name="character"/>
    <fontcolor name="mod-class"/>
    <fontcolor default="default" foreColor="ff628fb5" name="xml-pi"/>
    <fontcolor default="default" name="javascript-embedded"/>
    <fontcolor default="default" foreColor="ffcc9393" name="value"/>
    <fontcolor default="comment" name="block-comment"/>
</fontscolors>
